engagement_code,engagement_name,start_date,end_date,brand_id,brand_name,how,ambiguous
RCSO2401,마비노기 넥슨에센셜(온라인몰),2024-07-15,2024-09-30,,,,
RCPU2417,던전밥 팝업스토어(더현서),2025-01-09,2025-01-15,,,,
RCPU2533,KBL팝업,2025-07-29,2025-08-04,,,,
RCPU2646,에이티즈,2026-10-23,2026-11-01,,,,
RIPU2521,LPGA 인터내셔널 크라운 갤러리플라자 홍보부스 운영,2025-10-23,2025-10-26,,,,
RCPU2558,애플뮤직 이창섭_더현대서울,2025-10-23,2025-10-29,,,,
RXPU2502,스몰브랜더 브랜더스 홀리데이,2025-04-04,2025-04-06,,,,
RCCP2510,용산 아이파크몰 행사_르플랑에떼,2025-04-04,2025-04-17,,,,
RCST2509,팝가스토어 현대백화점 판교점,2025-04-04,,,,,
RCPU2565,안경만두_서일페,2025-12-25,2025-12-28,,,,
RTPU2533,짱구X현대아울렛 짱구스토어 (김포/송도),2025-06-06,2025-06-26,,,,
ROPU2619,WT_Bruce Russell 방문 행사,2026-08-20,2026-08-21,,,,
RTPU2523,클리오 로프트 팝업스토어,2025-04-19,2025-05-25,,,,
RTPU2524,언오피셜오피스 샘플링 프로모션,2025-04-19,2025-04-19,,,,
RIPU2525,MUSINSA 소담상회 팝업스토어,2025-12-26,2025-12-28,,,,
RCPU2545,스테이지성수_구미래마켓_요거트월드,2025-08-08,2025-08-10,,,,
RRPM2505,스테이지 엑스 성수 차봇,2025-09-01,2026-08-31,,,,
RRPM2506,스테이지 엑스 성수 페스타,2025-09-01,2026-02-28,,,,
RTPU2549,엔자임 한국주택금융공사 팝업스토어,2025-09-01,,,,,
RCPU2537,선문대학교 해달이 프렌즈,2025-09-01,,,,,
ROPU2611,레디영_여름시즌매장연출,2026-07-12,2026-08-31,,,,
RTPU2422,룰루레몬에이팩 행사,2024-10-10,2024-10-13,,,,
RCCP2511,트레이더스 수원_키즈망고,2025-04-07,2025-04-19,,,,
RIPU2519,네이버페이 전시부스,2025-11-19,2025-11-22,,,,
RCPU2406,익산시 문화도시지원센터 디즈니팝업,2024-04-30,2024-05-07,atpb_40c79f98f6,디즈니,앞토큰,
RTPU2407,뚝딱구조대 팝업스토어 설치용역,2024-04-30,2024-05-01,,,,
RXPU2404,롯데호텔 포켓몬 포토존,2024-04-30,2024-04-30,,,,
RCPU2403,린트 초콜릿,2024-02-03,2024-02-25,,,,
RCPU2542,테이크원 엔하이픈_더현대서울,2025-10-24,2025-11-09,,,,
RTPU2535,원피스X현대아울렛 원피스스토어 (김포/대전),2025-10-24,2025-12-28,,,,
RCPU2624,메디큐브_롯데 부산,2026-05-01,2026-05-14,,,,
RTPU2642,슈퍼탐사대 오프라인 캠페인,2026-05-01,2026-06-01,,,,
RTPU2629,웨이든 성수 팝업스토어(1차),2026-05-01,2026-05-10,,,,
RTPU2620,에코백스 팝업스토어,2026-05-01,2026-05-10,,,,
RTPU2638,애드리치 롯데칠성 팝업스토어,2026-05-01,2026-05-11,,,,
RCPU2616,스카이랩스_현대판교,2026-04-03,2026-04-16,,,,
RCPU2621,K패션협회_현대무역,2026-04-03,2026-04-09,,,,
RIPU2607,엑소코바이오 팝업스토어,2026-06-19,2026-06-29,,,,
RCPU2635,디즈니K헤리티지_신세계강남,2026-06-19,2026-07-02,atpb_40c79f98f6,디즈니,앞토큰,
RCPU2633,농심_성수52,2026-06-19,2026-12-27,,,,
RCPU2513,넥스지_성수EQL팝업스토어,2025-04-30,2025-05-11,,,,
RTPU2639,대교 써밋 스타런 TWS 오프라인 팬미팅,2026-08-22,2026-08-22,,,,
RTPU2565,서울스카이X주술회전 체험회,2025-12-12,2026-02-27,,,,
RCPU2560,진도곱창김_성수,2025-12-12,2025-12-14,,,,
RIPU2523,MUSINSA TOPS Connect Shop,2025-12-12,2025-12-14,,,,
RCPU2507,나이키 우먼 레이스x비클린,2025-05-10,2025-05-10,,,,
RIPU2522,유노윤호 'I-KNOW' VIP 리스닝 파티 및 사진전,2025-11-04,2025-11-09,,,,
RCPU2434,잔망루피 스타필드 코엑스몰,2024-12-10,2024-12-25,,,,
RCPU2638,토이스토리5_신세계5개점,2026-07-01,2026-07-30,,,,
RTPU2630,웨이든 성수 팝업스토어(2차),2026-07-01,2026-07-10,,,,
RCPU2527,뭉순임당_더현대서울,2025-08-07,2025-08-13,,,,
RRPM2504,스테이지 엑스 성수 52,2025-07-01,2030-12-15,,,,
RRPM2503,스테이지 엑스 T Factory 성수,2025-07-01,2026-10-31,,,,
RCPU2544,삼성 SDS굿즈제작,2025-07-01,2025-09-30,,,,
RTPU2652,롯데백화점 청량리점 그랜드 오픈 마케팅 캠페인,2026-10-21,2026-11-02,,,,
RCPU2515,2025 모빌리티쇼 벤츠 굿즈존_킨텍스,2025-04-03,2025-04-13,,,,
RXPU2411,농협중앙회 도농상생 안테나숍,2024-10-25,2024-12-25,,,,
RCPU2536,ITZY팝업스토어_성수_HS공업사,2025-09-18,2025-09-25,,,,
RTPU2508,엔자임 밴티브 런칭 사내 이벤트,2025-02-04,2025-02-04,,,,
RTPU2516,2025 짱구 팝업스토어 (용산/청주),2025-08-06,2025-09-14,,,,
RXPU2410,포토이즘(서북) x 최래성,2024-09-05,2024-09-12,,,,
RTPU2519,강동 아이파크 더 리버 OPEN MKT,2025-04-15,,,,,
RCPU2521,EVSIS EV TREND,2025-06-03,2025-06-05,,,,
RCPU2520,진똑개풍이_더현대서울,2025-06-03,2025-06-18,,,,
RTPU2426,오리온 톡핑 팝업스토어,2024-03-13,2024-03-15,,,,
RCPU2523,카카오스타일 사내행사_스테이지 성수,2025-06-16,2025-06-16,,,,
RCPU2625,로제_부산엘시티,2026-04-17,2026-05-17,,,,
RTPU2602,2026 GOCF,2026-04-17,2026-04-19,,,,
RCPU2414,덴티스테 팝업스토어 프로모터 지원,2024-07-01,2024-07-31,,,,
RCPU2539,더보이즈,2025-08-20,2025-09-10,,,,
RXPU2415,오콘(뽀로로) 팝업스토어,2024-12-24,2025-01-16,,,,
RTPU2640,2026 클래시클럽 한국 디지털 마케팅 대행,2026-02-01,2026-03-31,,,,
RXPU2508,로로티 팝업스토어 전산시스템 구축,2025-05-13,2025-05-26,,,,
RXPU2514,우리은행 인천 외국인 라운지,2025-09-16,2026-04-19,,,,
RTPU2445,안테나 x 최고심 팝업스토어,2024-12-26,2025-01-05,,,,
RCPU2410,신카이마코토 SHOP# (더현서),2024-05-27,2024-06-09,,,,
RCPU2538,벤츠 마이바흐_브랜드센터,2025-07-14,2025-07-15,,,,
RTPU2421,"원피스 팝업스토어(더현대 서울,대구)",2024-06-20,2024-06-26,,,,
RCPU2412,비에꼴(에이프릴폴로)팝업스토어,2024-06-20,2024-06-26,,,,
RCPU2603,코페르_명동역,2025-12-23,2026-01-04,,,,
RTPU2585,산타빌리지 고래사 브랜드 부스 시공,2025-11-27,2025-12-25,,,,
RCPU2518,폴싯(비스트킹덤)_더현대서울,2025-06-02,2025-06-15,,,,
RTPU2406,카스온라인 FGT,2024-04-07,2024-04-07,,,,
RCGD2407,BNK피어엑스 굿즈 제작,2024-11-19,2024-12-31,,,,
RTPU2450,퍼블릭에이아이 상품대납,2024-11-06,2024-11-18,,,,
RCGD2406,계백순 비매품 굿즈 제작,2024-09-04,2024-10-30,,,,
RCST2507,팝가스토어 현대아울렛 동대문점,2025-02-25,,,,,
RTPU2631,디앤에이모터스 시티베스트 시공 및 굿즈납품,2026-03-13,2026-03-31,,,,
RTPU2646,2026 에비스맥주 사케 페스티벌 부스 운영,2026-05-23,2026-05-24,,,,
RTPU2637,빙그레 아카라카 부스 운영,2026-05-23,2026-05-23,,,,
RCPU2629,레봄카페_백야의 꽃길,2026-05-23,2026-06-07,,,,
RCPU2601,미스터블루 블루밍_저스티나,2026-01-23,2026-01-23,,,,
RTPU2601,명일방주 6주년 팝업스토어,2026-01-23,2026-02-08,,,,
RCPU2522,얼렁뚱땅 상점_더현대 대구,2025-06-13,2025-06-26,,,,
RXPU2604,대상웰라이프 뉴케어 미니팝업,2026-05-28,2026-06-07,,,,
RTPU2592,파마리서치 인형제작,2025-12-22,2025-12-22,,,,
RCPU2606,주토피아_추가 3개점,2025-12-22,2026-01-18,,,,
RCPU2648,양일우와 나_홍대AK,2026-09-21,2026-10-01,,,,
RCCP2513,용산 아이파크몰 행사_다비디퓨저,2025-04-18,2025-04-24,,,,
RTPU2552,롯데수원타임빌라스 복숭아주의보 테마전개,2025-07-25,2025-08-03,,,,
RTPU2531,원피스 팝업스토어 서울&대구,2025-07-25,2025-08-31,,,,
RTPU2504,2025 소닉 팬미팅,2025-03-22,2025-03-22,,,,
RCPU2642,아이브_롯데월드몰,2026-07-30,2026-08-09,,,,
RTPU2654,2026 대원미디어 용산 짱구 팝업스토어,2026-07-30,2026-08-10,,,,
RTPU2659,SAMG 더티니핑 팝업스토어(코엑스),2026-07-30,2026-08-31,,,,
RTPU2556,현대아울렛 원피스 테마 전시,2025-10-10,2025-12-28,,,,
RCPU2419,골때리는 그녀들 팝업스토어 운영,2024-09-16,2024-09-29,,,,
RTSO2401,"라이센시-짱구 팝업스토어(전주,대구)",2024-08-02,2024-09-18,,,,
RXPU2601,NTK Partner marketing,2026-02-01,2026-03-24,,,,
RXST2501,shop Atpisode 삼성전자 DSR,2025-01-20,,,,,
RXSN2501,삼성전자dsr 1,2025-01-20,,,,,
RIPU2510,한화불꽃축제 LPGA 골프대회 홍보부스,2025-08-05,2025-09-27,,,,
RIPU2518,한화불꽃축제 LIFEPLUS TV 홍보부스,2025-08-05,2025-09-27,,,,
RCPU2617,아로셀_현대판교,2026-04-09,2026-04-22,,,,
RXPU2414,로얄캐닌 팝업스토어,2024-11-23,2024-12-08,,,,
RCSN2418,롯데어드벤쳐 크리스마스 마켓,2024-11-23,2024-12-31,,,,
RTPU2521,박카스 x 원신 팝업스토어,2025-04-10,2025-04-13,,,,
RCCP2516,이마트 여수_부티크420,2025-04-10,2025-04-17,,,,
RCPU2543,라프텔 용한소녀_신촌현대,2025-10-31,2025-11-09,,,,
RTPU2440,나가노 팝업스토어,2024-09-06,2024-09-20,,,,
RTPU2433,네이버커넥트 SEF 2024,2024-09-06,2024-09-07,,,,
RCCP2517,아모레퍼시픽_6월 마켓,2025-06-09,2025-06-21,,,,
RTPU2404,2024 세가 파라다이스 리뉴얼,2024-03-15,2024-03-15,,,,
RCPU2517,마른파이브_인천공항 면세점 팝업스토어,2025-04-02,2025-05-01,,,,
RCPU2415,신카이마코토 SHOP# (신촌),2024-07-09,2024-07-21,,,,
RXPU2413,포토이즘(서북) 스니커콘,2024-10-04,2024-10-06,,,,
RTPU2503,세가 용과같이 신작발표회,2025-02-14,2025-02-14,,,,
RCPU2607,NCT WISH BAKERY_성수에스매니아,2026-02-07,2026-02-22,,,,
RXPU2515,이마트 ESG 프로모션,2025-10-30,2025-11-02,,,,
ROPU2618,한화 플러스_불꽃축제 마케팅_VIP 세션,2026-09-05,2026-09-05,,,,
RCPU2436,정년이 팝업스토어 더현대대구,2024-11-22,2024-12-05,,,,
RTPU2448,전주 덕진공원 무직타이거 팝업 프로모션,2024-11-22,2024-11-22,,,,
RTPU2430,세가 소닉 수상 벌룬 전시,2024-10-01,2024-10-22,,,,
RCPU2428,뮤지컬 알라딘 팝업스토어,2024-10-01,2024-10-13,,,,
RCGD2404,쿠쿠프렌즈 팝업스토어 굿즈 제작,2024-10-01,2024-11-30,,,,
RXPI2403,CIDER 팝업스토어(더현대서울),2024-04-25,2024-05-01,,,,
RTPU2423,디즈니 벌룬 페스티벌,2024-04-25,2024-06-06,atpb_40c79f98f6,디즈니,앞토큰,
RCPU2534,더퓨처 EOA팝업스토어_더현대서울,2025-08-04,2025-08-17,,,,
RCPU2401,스즈메의 문단속,2024-01-10,2024-01-24,,,,
RCPU2563,라이즈 전시_일민미술관,2025-11-16,2025-11-30,,,,
RIPU2608,YES24 서울국제도서전 부스,2026-06-24,2026-06-28,,,,
RTPU2570,농심 안성 바우덕이축제,2025-10-09,2025-10-12,,,,
RCGD2401,신카이마코토 SHOP# 굿즈 납품,2024-02-08,2024-02-08,,,,
RIPU2402,엘소드 오프라인 행사,2024-11-09,2024-11-30,,,,
ROPU2617,살로몬코리아_GTWS 무주 그랜드 파이널 2026,2026-10-24,2026-10-25,,,,
RCPU2424,신카이마코토 SHOP# (천호),2024-08-23,2024-09-05,,,,
RTPU2414,오리온 알맹이 팝업스토어,2024-08-23,2024-09-06,,,,
RCPU2549,아이유_더현대서울 에픽서울,2025-09-11,2025-09-21,,,,
RCPU2566,태연 전시회_성수플라츠,2025-11-26,2025-12-03,,,,
RTPU2604,OA 츠타야 사진 전시,2026-01-16,2026-01-29,,,,
RTPU2611,2026 커넥트현대 청주 원피스 팝업,2026-02-06,2026-02-15,,,,
RTPU2577,세가 슈퍼레이스 홍보부스,2025-11-01,2025-11-02,,,,
RRPM2508,스테이지 엑스 밀갤러리,2025-11-01,2026-10-31,,,,
RCPU2425,마비노기 20주년 팝업,2024-06-22,2024-06-22,,,,
ROPU2616,SDT주식회사_양자체험관 시공,2026-10-01,,,,,
RTPU2622,필립모리스 경품 납품,2026-02-23,2026-03-31,,,,
RTPU2436,다크문 팝업스토어,2024-10-05,2024-10-06,,,,
RTPU2627,제니 루비앨범 1주년 팝업,2026-03-05,2026-03-11,,,,
ROPU2601,녹십자 리더십 워크숍,2026-03-05,2026-03-05,,,,
RTPU2662,2026 SEGA IP Kickoff meeting,2026-10-26,2026-10-26,,,,
RCPU2620,댄스온더플로어_더현대서울,2026-04-02,2026-04-08,,,,
RTPU2415,올리브영 팝업스토어,2024-04-19,2024-05-09,,,,
RTPU2530,에이스침대 오프라인 숙면토크쇼,2025-04-29,2025-04-29,,,,
RTPU2560,세가 IP MEETING 2025,2025-09-15,2025-09-15,,,,
RXST2504,shop Atpisode 삼성전자 수원,2025-09-15,,,,,
RRLM3411,리테일 부동산 LM1,2026-01-01,,,,,
RRLM3412,리테일 부동산 LM2,2026-01-01,,,,,
RRCO3420,리테일 부동산 컨설팅,2026-01-01,,,,,
RRPM3430,리테일 부동산 PM(통합),2026-01-01,,,,,
RRLC3410,리테일 부동산 LM·컨설팅,2026-01-01,,,,,
RTPU2419,SPK 진여신전생 벤전스 신작체험회,2024-06-14,2024-06-14,,,,
RTPU2420,인터브랜드 브랜드부스 설치,2024-06-14,2024-06-14,,,,
RIPU2404,이사배 메이크온 행사,2024-12-28,2024-12-29,,,,
RIPU2403,이사배 투슬래시포 행사,2024-12-28,2024-12-29,,,,
RTPU2540,삼양식품X아워홈 프로모션,2025-06-04,2025-06-18,,,,
RIPU2605,SM 제노재민 팝업스토어,2026-02-19,2026-02-22,,,,
RTPU2616,베리즈 팝업스토어 2차,2026-02-19,2026-02-25,,,,
RTPU2564,엔자임 국회의사당 행사,2025-09-25,2025-09-25,,,,
RCPU2404,잔망루피 팝업스토어_수원스타필드,2024-02-23,2024-03-21,,,,
RXPU2402,평택 PPO 플리마켓,2024-03-16,2024-03-17,,,,
RCCP2505,파르나스센트럴라운지_르플랑에떼,2025-02-27,2025-03-09,,,,
RCCP2509,이마트 울산점 행사_부띠끄420,2025-02-27,2025-03-27,,,,
RIPU2609,H&M 성수 After Hour,2026-05-16,2026-05-16,,,,
RTPU2647,더블랙레이블 미야오 용산 오프라인 프로모션,2026-05-29,2026-05-31,,,,
RTPU2545,에비스 맥주 파라다이스 브랜딩,2025-06-01,2025-08-31,,,,
RCPU2511,레진 시즌 그리팅 팝업 스토어,2025-06-19,2025-06-29,,,,
RTPU2606,베리즈 팝업스토어,2026-01-22,2026-01-28,,,,
RTPU2507,한교동 생일카페,2025-03-05,2025-03-14,,,,
RIPU2502,세종문화회관 팝업스토어,2025-04-24,2025-04-30,,,,
RCPU2547,NCT WISH_성수 렉트,2025-09-02,2025-09-09,,,,
RCPU2611,백조 싱크_현대 충청,2026-01-29,2026-02-18,,,,
RTPU2402,2024년 소닉 팬미팅,2024-03-23,2024-03-23,,,,
RTPU2625,웨이든 시크 상해 전시,2026-03-11,2026-03-13,,,,
RCPU2408,수키도키 팝업스토어(더현대 대구),2024-05-03,2024-05-16,,,,
RXST2502,shop Atpisode 삼성전자 기흥,2025-07-21,,,,,
RCPU2604,로블록스_더현대대구,2026-04-22,2026-05-10,,,,
RTPU2511,신세계X도라에몽 팝업스토어(강남 센트럴),2025-11-14,2025-12-31,,,,
RIPU2514,티엘스 무빙 팝업스토어,2025-11-14,2025-11-16,,,,
RTPU2626,오리온 명동 푸드존 조성,2026-03-26,2026-06-30,,,,
RIPU2604,리바이포유 팝업스토어,2026-04-24,2026-05-04,,,,
RTPU2634,닥터지 무빙카 팝업스토어,2026-04-24,2026-04-30,,,,
RTPU2454,오리온 공항철도 샘플링,2024-12-18,2024-12-25,,,,
RCPU2420,보노보노 팝업스토어,2024-09-11,2024-09-22,,,,
RTPU2574,와이지플러스 버프즈 스탬프 투어,2025-11-11,2025-11-16,,,,
RIPU2511,제주관광공사 나우다 팝업스토어,2025-09-09,2025-09-14,,,,
RIPU2512,무신사 어스X쉘코퍼레이션 오프라인점포VMD,2025-09-09,2025-09-16,,,,
RTPU2550,클리오 Qoo10 전시회,2025-10-03,2025-10-05,,,,
RIPU2611,KIOF 팝업스토어,2026-07-31,2026-08-11,,,,
RTPU2509,미래엔 팝업스토어,2025-02-21,2025-02-23,,,,
RCPU2505,제로베이스원_BLUE팝업,2025-02-21,2025-03-06,,,,
RCPU2650,로블록스_현대울산,2026-10-02,2026-10-11,,,,
RTPU2651,SAMG 더티니핑 팝업스토어,2026-07-17,2026-08-31,,,,
RCPU2559,레봄카페_레진사옥,2025-10-18,2025-11-23,,,,
RTPU2543,룰루레몬 APAC 프로젝트_Align,2025-06-05,2025-06-05,,,,
RTPU2539,농심 배홍동 천안 K컬처 박람회,2025-06-05,2025-06-08,,,,
RCPU2312,쿠키런 브레이버스 아이스가든점,2023-09-01,2023-12-31,,,,
RTPU2403,창비 고양이해결사 깜냥 팝업스토어,2024-03-01,2024-03-10,,,,
RTPU2405,팀프레시 SNS 대행,2024-03-01,2024-04-30,,,,
RCPU2405,하리보 블루밍 가든,2024-03-01,2024-04-28,,,,
RXPI2401,NCT127 전시 (W.메이크스타),2024-03-01,2024-04-14,,,,
RCPU2639,안경만두_더현대서울,2026-07-09,2026-07-22,,,,
RTPU2635,마녀공장 제작물 철수,2026-03-25,2026-03-25,,,,
RCPU2618,고스티_성수 매장,2026-03-16,2026-09-30,,,,
RTPU2501,2025 오리온 알맹이 팝업,2025-01-24,2025-02-23,,,,
RTPU2653,마비스코리아 팝업스토어,2026-10-28,2026-11-01,,,,
RTPU2649,웨이든 수원스타필드 팝업스토어,2026-06-05,2026-06-18,,,,
RCPU2630,메디큐브_롯데 부산_6월,2026-06-05,2026-06-18,,,,
RTPU2605,2026 용과같이3 간담회,2026-01-09,2026-01-09,,,,
RCPU2632,베리시_아이스온 행사,2026-06-11,2026-06-24,,,,
RCPU2631,이직로그_현대신촌,2026-06-11,2026-06-24,,,,
RCPU2657,이세계아이돌_스테이지익선,2026-11-20,2026-11-29,,,,
RTPU2557,디플러스기아 팝업스토어,2025-08-15,2025-08-24,,,,
RCPU2546,슈퍼주니어_성수 아이언빌딩,2025-08-15,2025-08-31,,,,
RCGD2403,골때리는 그녀들 팝업스토어 굿즈,2024-05-01,2024-12-31,,,,
RCPU2407,잔망루피 팝업스토어_현대중동점,2024-05-01,2024-05-15,,,,
RTSO2402,하이브로 IP 라이선싱,2024-05-01,2025-04-30,,,,
RTPU2428,스위트 커넥션,2024-01-31,2024-01-31,,,,
RRPM2502,스테이지 엑스 성수 403,2025-05-01,2027-12-31,,,,
RTPU2518,현대아울렛 짱구 테마 전시,2025-05-01,,,,,
RTPU2541,농심 전주국제영화제,2025-05-01,2025-05-08,,,,
RXPU2506,하정우 팝업스토어,2025-05-01,2025-05-07,,,,
RCCP2514,트레이더스 하남_키즈망고,2025-05-05,2025-05-18,,,,
RRPM2402,스테이지 엑스 익선,2024-12-31,2025-12-31,,,,
RTPU2532,반트 프로모션,2025-04-14,2025-05-11,,,,
RTPU2580,2025 SEGA 지스타 부스,2025-11-13,2025-11-16,,,,
RTPU2569,오진상사(주) 플레이샵 전시,2025-11-13,2025-11-16,,,,
RTPU2579,2025 반다이남코 지스타 부스,2025-11-13,2025-11-16,,,,
RCPU2503,귀멸의칼날xUFC_팝업_신세계강남센트럴,2025-03-07,2025-03-20,,,,
RCPU2512,베리시 성수 팝업스토어,2025-03-07,2025-03-09,,,,
RTPU2619,싸이코드 팝업스토어,2026-06-25,2026-06-28,,,,
RCPU2636,플라워노즈_더현대서울,2026-06-25,2026-07-01,,,,
RCPU2528,더퓨처EOA팝업스토어_성수,2025-06-27,2025-07-06,,,,
RTPU2614,룰루레몬 Seoul 2026,2026-03-03,2026-03-15,,,,
RTPU2444,홈닉데이 마이리틀타이거 오프라인 프로모션,2024-10-26,2024-10-26,,,,
RCPU2426,던전밥 대구,2024-12-06,2024-12-19,,,,
RTPU2451,K-라이스페스타 오리온부스,2024-12-06,2024-12-08,,,,
RTPU2453,세가 벌룬 설치,2024-12-06,2024-12-06,,,,
RCPU2622,레봄카페_해빙곡선,2026-04-11,2026-05-17,,,,
RTPU2573,농심 SSG페스타 케데헌 콜라보 부스,2025-10-15,2025-10-19,,,,
RTPU2563,뚜누 DDP 리빙 디자인 페어,2025-10-15,2025-10-19,,,,
RCPU2615,우즈 리스닝세션_성수율,2026-03-02,2026-03-02,,,,
RCPU2608,칼로_더현대 서울,2026-02-20,,,,,
RCPU2413,삐뚤이 팝업스토어 더현대 대구,2024-06-28,2024-07-11,,,,
RTPU2502,부산 먼작귀 팝업,2025-01-17,2025-01-26,,,,
RXPU2416,규현 팝업스토어(안테나),2024-11-21,2024-12-04,,,,
RCPU2612,팬앤코_더현대서울,2026-02-09,2026-02-22,,,,
RIPU2501,힘펠 팝업스토어,2025-03-03,,,,,
RRPM2501,스테이지 엑스 성수 도원,2025-01-01,2025-09-11,,,,
RCPU2508,협력사 물품 보관,2025-01-01,,,,,
RTPU2648,엠베이비 팝업스토어,2026-06-16,,,,,
RCPU2423,계백순 팝업스토어(더현대 서울)+코난팝업,2024-10-17,2024-10-30,,,,
RTPU2514,클리오 행사 집기 제작,2025-03-28,2025-03-30,,,,
RTPU2526,농심 배홍동 브랜드 사내 출정식,2025-03-28,2025-03-28,,,,
RIPU2606,한화 러닝 이벤트,2026-03-30,,,,,
RIPU2520,바이탈 뷰티 아모레성수 팝업행사 운영건,2025-10-14,2025-11-02,,,,
RCPU2554,에이티즈_더현대서울 대행사장,2025-10-14,2025-10-26,,,,
RCPU2429,정년이 팝업스토어 더현대서울,2024-11-07,2024-11-20,,,,
RCPU2634,메디큐브_롯데월드몰,2026-06-04,2026-06-14,,,,
RTPU2658,SEGA 팬미팅 이벤트(미니라이브),2026-12-06,2026-12-06,,,,
RTPU2544,에비스 맥주 사케 페스티벌 부스 운영,2025-05-23,2025-05-25,,,,
RCPU2614,레봄카페_근하신년,2026-02-21,2026-03-22,,,,
RTPU2621,BMW 사회공헌사업,2026-07-10,2026-07-12,,,,
RTPU2650,프로젝트아이 버튜버 팝업,2026-07-10,2026-07-16,,,,
ROPU2615,캄파리_아페롤 팝업스토어,2026-07-10,2026-08-14,,,,
ROPU2613,윌슨코리아_디파이어라켓_환승시타,2026-07-10,2026-07-10,,,,
RTPU2593,한국주택금융공사 제작물 납품,2025-12-19,2025-12-26,,,,
RTPU2609,세가팝업스토어 운영지원,2025-12-19,,,,,
RTPU2587,안성 X 무직타이거 콜라보 팝업스토어,2025-12-19,2025-12-28,,,,
RTPU2576,에그테크코리아 2025,2025-12-19,2025-12-21,,,,
ROPU2501,무신사뷰티_노더럽_신세계천안점팝업스토어,2025-12-19,2025-12-28,,,,
RTPU2566,SKT 티팩토리 오픈 공연,2025-09-22,2025-09-22,,,,
RTPU2559,엔자임 두통 Free Station,2025-09-22,2025-09-22,,,,
RTPU2567,SK인텔릭스 나무X 계열사 순회 전시,2025-09-22,2025-11-21,,,,
RCCP2501,팝업스토어가자콘테스트(용산),2025-01-31,2025-02-06,,,,
RCCP2502,이마트 울산점 행사_마니,2025-01-31,2025-02-12,,,,
RTPU2517,원피스 조형물 공항납품,2025-01-31,2025-01-31,,,,
RTPU2633,에비스맥주 파라다이스 부스 철수,2026-03-12,2026-03-15,,,,
RTPU2623,즛토마요 팝업스토어 제작 및 시공,2026-03-12,2026-03-29,,,,
RTPU2624,농심 배홍동 사내행사,2026-03-12,2026-03-12,,,,
RXPU2602,캄파리_TGG 캠페인,2026-03-12,2026-03-12,,,,
RXPU2507,두나무(업비트) 피자데이,2025-05-08,2025-05-31,,,,
RIPU2517,콩제슬래드,2025-09-27,2025-09-27,,,,
RIPU2513,코웨이 사내 팝업스토어,2025-09-17,2025-09-25,,,,
RTPU2657,2026 웨이든X노익스강 성수 팝업스토어,2026-07-24,2026-07-26,,,,
RCPU2530,더퓨처칼로팝업스토어_성수,2025-07-08,2025-07-15,,,,
RCPU2433,롯데아울렛 서울역 신카이 마코토,2024-09-12,2024-09-25,,,,
RCPU2435,잔망루피 신세계부산센텀점,2024-12-12,2024-12-26,,,,
RCPU2437,BNK피어엑스 기업행사,2024-12-12,2024-12-13,,,,
RIPU2401,얼미부부 팝업스토어,2024-12-12,2024-12-18,,,,
RTPU2443,먼작귀 팝업스토어,2024-12-12,2024-12-22,,,,
RTPU2456,전주시 굿즈 납품,2024-12-12,2024-12-12,,,,
RTPU2417,보보'팝업스토어(국가보훈부),2024-05-22,2024-05-26,,,,
ROPU2612,닌자블라스트_모닝레이브,2026-08-31,,,,,
RCCP2512,롯데백화점 평촌_부티크420,2025-04-11,2025-04-17,,,,
RCPU2516,퓨어스펙 오렌지 샘플링 행사,2025-04-11,2025-04-20,,,,
RTPU2522,문경시청 찻사발축제 홍보부스,2025-04-11,2025-04-12,,,,
RCPU2644,클랩스_한양대 매점 리뉴얼,2026-08-15,2026-09-01,,,,
RTPU2641,파라다이스호텔 SEGA 캐릭터IP 연계 프로모션,2026-06-17,2026-08-31,,,,
RTPU2525,SME 아티스트 게릴라 이벤트,2025-03-24,2025-03-24,,,,
RXPU2406,바오패밀리,2024-06-18,2024-06-30,,,,
RTPU2432,컴투스 유저초청회,2024-07-20,2024-07-20,,,,
RCPU2651,로블록스_현대판교,2026-12-18,2027-01-03,,,,
RTPU2656,2026 세가 GES 전시회,2026-09-18,2026-09-20,,,,
ROPU2614,윌슨코리아_코리아오픈테니스대회_윌슨부스,2026-09-18,2026-09-27,,,,
RTPU2437,엔자임 애브비 팝업,2024-09-23,2024-09-27,,,,
RTPU2583,타임빌라스 수원 크리스마스 마켓,2025-11-20,2025-12-28,,,,
RCPU2561,주토피아_메가박스 4개점,2025-11-20,2025-12-21,,,,
RTPU2412,"주술회전 팝업스토어(더현대 서울,대구)",2024-06-27,2024-07-03,,,,
RIPU2524,LPGA 인터내셔널 크라운 홍보 굿즈 창고 제작 및 만족도 조사 경품 배송,2025-11-10,2025-12-05,,,,
RTPU2584,퍼블릭에이아이 AI 서밋 코엑스 전시회,2025-11-10,2025-11-11,,,,
RTPU2413,아임비타 양양 프로모션,2024-07-22,2024-08-05,,,,
RCPU2627,앤더블_더현대서울,2026-05-19,2026-05-28,,,,
SCSN2420,더타운몰 세종점,2024-01-01,2024-03-31,,,,
RCGD2402,메이플스토리 넥슨재팬 굿즈수출,2024-01-01,2024-01-31,,,,
RCST2501,더타운몰 월계점,2024-01-01,,,,,
RCCP2507,스위트스팟 파르나스몰점,2024-01-01,,,,,
RCST2502,더타운몰 포항점,2024-01-01,,,,,
RCST2503,더타운몰 연수점,2024-01-01,,,,,
RCST2505,신세계백화점 의정부점,2024-01-01,,,,,
RCST2504,더타운몰 킨텍스점,2024-01-01,,,,,
RCSN2300,(사용X)_집계용 더타운몰 세종점,2024-01-01,2024-03-31,,,,
RTPU2411,SME 팝업 트럭 운영,2024-06-29,2024-07-01,,,,
RXPU2407,SM 나재민 작가 사진전,2024-06-29,2024-07-31,,,,
ROPU2608,2026 퍼시스 팝업스토어,2026-06-01,,,,,
ROPU2607,도브 피파 월드컵 캠페인,2026-06-01,2026-06-28,,,,
RCPU2628,레진_2026 시즌 그리팅,2026-05-21,2026-05-25,,,,
RTPU2645,야놀자 놀데이 오프라인 프로모션,2026-06-15,2026-06-21,,,,
RCPU2609,쿠키런 스위트랜드_오크밸리,2025-12-20,2026-02-28,,,,
RCPU2567,쿠키런 스위트랜드_오크밸리,2025-12-20,2026-02-28,,,,
RTPU2655,2026 라이센시 짱구 청주 팝업스토어,2026-08-28,2026-09-06,,,,
RIPU2516,온누리 팝업스토어 운영 건,2025-09-19,2025-09-21,,,,
RTPU2534,2025 짱구 라이센시 팝업 (대구/부산),2025-09-19,2025-10-26,,,,
RCPU2553,아이들 우기,2025-09-19,2025-09-28,,,,
RCPU2637,마른파이브_쎈느,2026-06-29,2026-07-13,,,,
RTPU2401,세가 용과같이8 신작발표회,2024-01-19,2024-01-19,,,,
RIPU2505,엑시스와이 서울 재즈 페스티벌 부스,2025-05-30,2025-06-01,,,,
RIPU2610,Meet up with 슈카,2026-06-03,2026-06-03,,,,
RCPU2529,NCT DREAM 팝업스토어_더블유젯,2025-07-10,2025-07-27,,,,
RTPU2555,CGV KBO올스타전 프로모션,2025-07-10,2025-07-12,,,,
RTPU2548,필립스 바리스티나 팝업스토어,2025-07-10,2025-07-20,,,,
RTPU2547,엔자임 박스터 베페 프로모션,2025-07-10,2025-07-13,,,,
RTPU2617,인핸스 캠페인,2026-03-09,2026-03-09,,,,
RTPU2418,Balloon in Love 팝업스토어,2024-06-06,2024-06-15,,,,
RTPU2424,디즈니 토이저러스 팝업,2024-06-06,2024-07-07,atpb_40c79f98f6,디즈니,앞토큰,
RXPU2501,서울패션허브 서울패션페스타 KV 납품,2025-03-04,2025-03-04,,,,
RCPU2550,퇴마록_더현대서울 대행사장,2025-10-27,2025-11-09,,,,
RCPU2416,깨댕이 팝업스토어 더현대 대구,2024-07-25,2024-08-01,,,,
RTPU2425,드래곤빌리지 팝업스토어,2024-07-25,2024-07-31,,,,
RTPU2441,농심 안성 바우덕이축제 프로모션,2024-10-03,2024-10-06,,,,
RCST2506,팝가스토어 용산 아이파크몰점,2024-10-03,,,,,
RCSN2417,용산 팝업스토어가자 스토어,2024-10-03,,,,,
RCPU2519,파괴연구소(사내뷰공업)_더현대대구,2025-08-29,2025-09-11,,,,
RTPU2608,함안군청 K거상 프로젝트,2026-05-30,2026-05-30,,,,
RTPU2636,라임라잇어패럴 전시부스 디자인,2026-05-30,2026-06-01,,,,
RTPU2644,SME 아티스트 게릴라 프로모션 A,2026-05-30,2026-05-31,,,,
RCPU2438,JYP 스트레이키즈 팝업,2024-12-14,2024-12-22,,,,
RTPU2586,세가 스타필드 프로모션,2025-12-14,2025-12-17,,,,
RIPU2601,마피아42 팝업스토어,2026-02-25,2026-03-02,,,,
RCPU2605,오프레임_더현대서울,2026-02-24,2026-03-08,,,,
RTPU2582,벡터컴 부드바르X서울 브루어리 콜라보,2025-11-07,2025-11-23,,,,
RTPU2581,웨이든 팝업스토어 시공,2025-11-07,2025-11-08,,,,
RCPU2613,바이오하자드 GGX,2026-02-26,2026-02-26,,,,
RIPU2503,샤클라라 팝업스토어,2025-04-22,2025-04-28,,,,
RXPU2504,바오패밀리 x 삼성라이온즈,2025-04-22,2025-05-08,,,,
RCPU2649,레진 징크스_비전팩토리,2026-10-08,2026-10-12,,,,
RCPU2645,한글과컴퓨터_더현대서울,2026-10-08,2026-10-14,,,,
RCPU2504,킥플립_팝업,2025-01-25,2025-02-02,,,,
RXCP2505,마켓인유 in 스테이지익선,2025-03-15,2025-03-31,,,,
RIPU2602,Bloomtide POP-UP store,2026-04-10,2026-04-19,,,,
ROPU2606,백상예술대상 리셉션,2026-05-08,2026-05-08,,,,
RCPU2439,포켓몬pcg아시아컵_코엑스,2024-11-26,2025-01-31,,,,
RCPU2431,글로벌 웹툰페스티벌,2024-09-26,2024-09-29,,,,
RTPU2553,농심 배홍동 용산 전자랜드 프로모션,2025-07-04,2025-07-13,,,,
RCPU2524,핑크퐁_에버랜드,2025-07-04,2025-08-03,,,,
RCPU2540,지트코리아,2025-09-12,2025-09-21,,,,
RTPU2431,해링턴카 프로모션,2024-06-16,2024-06-30,,,,
RTPU2558,SK매직 나무X 프로모션,2025-10-17,2025-10-30,,,,
RCPU2556,트와이스_용산 아이파크몰,2025-10-17,2025-10-26,,,,
RTPU2536,유희왕 팝업스토어,2025-07-17,2025-07-24,,,,
RCPU2531,더퓨처닥터블릿팝업스토어_성수,2025-07-17,2025-07-27,,,,
RIPU2507,OK 저축은행 팝업스토어,2025-07-17,2025-07-28,,,,
RCPU2602,레봄카페_조개소년,2025-12-13,2026-01-13,,,,
RXPU2510,삼성전자 크알라&두루아무 팝업스토어,2025-08-26,2025-08-28,,,,
RCSN2419,아모레 퍼시픽 크리스마스 마켓,2024-12-09,2024-12-22,,,,
RCPU2610,딥퍼랑스_무신사 뷰티,2026-01-14,2026-01-25,,,,
RTPU2610,2026 세가 스타필드 기프티콘 발송,2026-01-14,2026-01-14,,,,
RCPU2641,로블록스_현대충청,2026-07-23,2026-08-09,,,,
RTPU2562,엔자임 애브비 팝업스토어,2025-09-24,2025-09-26,,,,
RTPU2561,1001 KBW Seoul,2025-09-24,2025-09-24,,,,
RXST2505,shop Atpisode 현대자동차 양재,2025-09-24,,,,,
RTPU2435,농심 육개장사발면&웰치 프로모션,2024-08-06,2024-08-10,,,,
RTPU2554,SM 비디오가게 프로모션,2025-07-03,2025-07-05,,,,
RCPU2557,레진 봄툰 시즌그리팅_성수 XYZ,2025-11-06,2025-11-11,,,,
RXST2503,shop Atpisode 삼성전자 화성,2025-08-01,,,,,
RCPU2535,쿠쿠에코웨일_팝업스토어_현대판교,2025-08-01,2025-08-14,,,,
RCPU2532,더퓨처낫띵베럴팝업스토어_성수,2025-07-30,2025-08-10,,,,
RTPU2618,비오레 미디어데이,2026-03-19,2026-03-19,,,,
RIPU2603,피나 팝업스토어,2026-03-19,2026-03-22,,,,
RCPU2418,신카이마코토 SHOP#(대구),2024-07-26,2024-08-08,,,,
RXPU2408,SLBS(허쉬) 1차 프로젝트,2024-07-26,2024-08-11,,,,
RTPU2571,SME 2025 aespa LIVE TOUR 야외 포토존 조성,2025-08-28,2025-08-31,,,,
RIPU2509,바이탈 뷰티 무빙팝업 행사,2025-08-28,2025-08-30,,,,
RTPU2578,농심x케데헌 김천 김밥축제 부스운영,2025-10-25,2025-10-26,,,,
RCPU2555,스트레이키즈_마포인트,2025-10-11,2025-10-26,,,,
RCPU2548,aespa_용산 이태원,2025-09-05,2025-09-12,,,,
RCPU2526,피그닉팝업스토어_홍대ak,2025-08-25,2025-09-07,,,,
RXPU2511,끄레델 시크 팝업스토어,2025-08-25,2025-08-31,,,,
RTPU2527,더갈마 레스틸렌 팝업,2025-04-25,2025-04-28,,,,
RXPU2503,서울패션허브 B2C 수주회,2025-04-25,2025-04-27,,,,
RCCP2508,롯데백화점 센텀,2023-01-01,,,,,
RCCP2518,트레이더스 송림_벤시몽,2025-06-30,2025-07-12,,,,
RCPU2647,드롱기_2026카페쇼,2026-11-11,2026-11-14,,,,
RTPU2632,서재페 스타벅스 홍보부스,2026-05-22,2026-05-24,,,,
RTPU2455,원피스 공항철도 설치,2024-12-20,2024-12-20,,,,
RTPU2449,SPK 소닉 연말 프로모션,2024-12-20,2024-12-22,,,,
RCPU2422,코난 팝업스토어,2024-07-13,2024-07-18,,,,
RTPU2628,롯데월드몰 디저트 페스타,2026-03-31,2026-04-19,,,,
RCPU2619,PSK 샘플링 행사,2026-03-27,2026-04-05,,,,
RCPU2568,스카이랩스 팝업스토어,2025-12-01,,,,,
RTPU2589,서울디자인재단 영디자인 프로젝트,2025-12-01,2025-12-26,,,,
RTPU2594,클래시클럽 한국 디지털 마케팅 대행,2025-12-01,2025-12-31,,,,
RIPU2508,타이거맥주X토트넘핫스퍼 팝업 행사,2025-07-31,2025-08-02,,,,
RXPU2512,업비트_FCB_스폰서부스,2025-07-31,2025-08-04,,,,
RCPU2643,아이브_롯데부산,2026-08-14,2026-08-23,,,,
RTPU2446,SME 오프라인 카페 프로모션,2024-11-13,2024-11-14,,,,
RTPU2568,하이드앤시크 디디피 팝업,2025-11-28,2025-11-30,,,,
RCPU2564,엔믹스_성수52,2025-11-28,2025-12-07,,,,
RTPU2410,"짱구 팝업스토어(롯데월드몰,부산센텀)",2024-06-05,2024-06-16,,,,
RCPU2315,디즈니100주년_Wish,2023-12-15,2024-01-10,atpb_40c79f98f6,디즈니,앞토큰,
RCPU2313,대구 잔망루피 팝업스토어,2023-12-15,2024-01-04,,,,
RTPU2515,현대모비스 팝업스토어,2025-05-16,2025-05-25,,,,
RCPU2506,오버더월 팝업스토어_홍대,2025-05-16,2025-05-19,,,,
RIPU2504,TAMS 팝업스토어,2025-05-16,2025-06-01,,,,
ROPU2609,캘러웨이 퀀텀 로즈골드 행사,2026-05-14,2026-05-14,,,,
RTPU2613,청월당 기획운영 대행,2026-01-19,2026-01-19,,,,
HQOH1101,상해 워크샵,2026-04-01,2026-04-03,,,,
ROPU2605,어노브 카페 프로모션,2026-04-01,,,,,
RTPU2538,오리온 대전 알맹이 팝업스토어,2025-05-03,2025-05-06,,,,
RTPU2643,SME 아티스트 게릴라 프로모션 B,2026-05-15,2026-05-16,,,,
RCPU2626,NCT 10주년 팝업스토어_파이팩토리,2026-05-15,2026-05-23,,,,
RTPU2591,스마일게이트 25년그룹 종무식,2025-12-31,2025-12-31,,,,
RTPU2607,SK인텔릭스 삼일빌딩 전시 연장,2025-12-31,2026-01-31,,,,
RCCP2515,이마트 검단_몽골텐트 행사,2025-05-02,2025-05-29,,,,
RCPU2510,뿌리없는나무_비컨스튜디오,2025-05-02,2025-05-06,,,,
RTPU2542,삼양식품 잭앤펄스 삼양라운드힐 샘플링,2025-05-02,2025-05-05,,,,
RCSN2301,인천 파라다이스시티 호텔 크리스마스 마켓,2023-12-08,2024-01-01,,,,
ROPU2603,캘러웨이 신세계강남 팝업,2026-03-17,2026-05-17,,,,
ROPU2602,코웨이 롯데백화점 잠실점 팝업,2026-03-17,2026-05-17,,,,
RCPU2421,잔망루피 광주 팝업 스토어(운영),2024-08-15,2024-08-29,,,,
RXPI2405,CIDER 팝업스토어(잠실롯데월드몰),2024-05-10,2024-08-08,,,,
RTPU2615,파마리서치 KLPGA 리쥬란 챔피언십 트로피 제작,2026-03-06,2026-03-06,,,,
RTPU2612,2026 현대아울렛 송도 원피스 팝업,2026-03-06,2026-03-15,,,,
RCCP2504,파르나스센트럴라운지_수아도,2025-02-13,2025-02-26,,,,
RTPU2513,필립모리스 일루마i 신제품 팝업스토어,2025-02-13,,,,,
RTPU2506,비투비 캐릭터 팝업스토어,2025-03-20,2025-04-02,,,,
ROPU2610,캘러웨이 talk-1 행사,2026-05-20,2026-05-20,,,,
RXPU2417,GICON 팝업스토어,2024-11-29,2024-12-05,,,,
RTPU2447,농심 안성탕면 고카프 킨텍스 프로모션,2024-11-29,2024-12-01,,,,
RCPU2427,던전밥 팝업스토어(더현대 신촌),2024-11-15,2024-11-28,,,,
RRPM2606,스테이지 엑스_제휴,2026-09-29,2026-10-16,,,,
RTPU2452,컬리 푸드페스타 오리온부스,2024-12-19,2024-12-22,,,,
RTPU2416,포켓몬고 팝업스토어,2024-04-26,2024-05-15,,,,
RTPU2537,세가 파라다이스 플레이랩 케이스 납품,2025-04-09,2025-04-29,,,,
RCPU2430,덴티스테 공간 시공,2024-06-30,2024-07-31,,,,
RCGD2304,메이플스토리 PC방 이벤트 굿즈납품,,,,,,
RCGD2302,메이플스토리 온라인몰 굿즈납품,,,,,,
SPJT2300,23년도 팝업스토어,,,,,,
RCIPOH01,RCIP Overhead,,,,,,
AXOH2300,AX Overhead,,,,,,
HQOH1100,HQ Overhead,,,,,,
RIOH6100,RI Overhead,,,,,,
DMOH4100,DM Overhead,,,,,,
RXOH3200,RX Overhead(前),,,,,,
RCOH3100,RC Overhead,,,,,,
PFOH5100,PF Overhead,,,,,,
RTOH3300,RT Overhead,,,,,,
RROH3400,RE Overhead,,,,,,
RCMDOH01,RCMD Overhead,,,,,,
RXBXOH01,RXBX Overhead,,,,,,
VPOH2400,VP Overhead,,,,,,
RXSSOH01,RXSS Overhead,,,,,,
ROOH3500,RO Overhead,,,,,,
RXOH3201,RX Overhead,,,,,,
HQCCC1102,OH_CCC,,,,,,
RCPJ2300,(사용X)_집계용 23년도 팝업스토어,,,,,,
RTPJ2300,(사용X)_집계용 23년도 팝업스토어,,,,,,
RRPM2401,청주서문CGV PM,,,,,,
RTPU2661,팔도 뽀로로 유아교육전 부스,,,,,,
RTPU2400,24년도 고스트비치 페스티벌,,,,,,
RTPU2427,오리온글로벌 프로젝트,,,,,,
RTPU2442,풀무원더랜드 팝업스토어,,,,,,
RXPU2603,SK하이닉스 팝업 기획,,,,,,
RTPU2439,호요버스 별도 비용 운용,,,,,,
RTPU2434,CGV KBO 올스타전 프로모션,,,,,,
RCPU2432,정년이 평화다방 MD샵,,,,,,
RTPU2457,크림샵 F&B존 제작물 납품,,,,,,
RTPU2438,OUF 더앨리 부스 운영,,,,,,
RCSN2405,신세계백화점 의정부점,,,,,,
RCSN2401,더타운몰 월계점,,,,,,
RCSN2408,이마트 문현점,,,,,,
RCSN2409,이마트 더타운몰 연수점 이벤트홀 마켓,,,,,,
RCSN2411,아모레퍼시픽 블루밍메이 마켓,,,,,,
RCSN2407,스위트스팟 타임스퀘어점,,,,,,
RCSN2310,(사용X)_집계용 에버랜드 매장,,,,,,
RCSN2410,용산 아이파크몰 더가든 마켓,,,,,,
RCSN2402,더타운몰 포항점,,,,,,
RCSN2406,스위트스팟 파르나스몰점,,,,,,
RCSN2414,잔망루피 플래그쉽 더현대서울 스토어,,,,,,
RCSN2412,디즈니 용산 스토어,,,atpb_40c79f98f6,디즈니,앞토큰,
RCSN2403,더타운몰 연수점,,,,,,
RCSN2413,잔망루피 플래그쉽 신촌 스토어,,,,,,
RCSN2416,롯데백화점 센텀,,,,,,
RCSN2415,디즈니픽사 인사이드아웃2 팝업스토어(위탁운영),,,atpb_40c79f98f6,디즈니,앞토큰,
RCSN2404,더타운몰 킨텍스점,,,,,,
RCSO2403,오늘의집,,,,,,
RCSO2415,마비노기 팝업스토어,,,,,,
RCSO2402,SSG,,,,,,
RXST2506,shop Atpisode 삼성디스플레이 SDR,,,,,,
RXST2608,shop Atpisode 삼성전자 천안,,,,,,
RTPU2505,제주 르벙쓸레브 짱구 팝업,,,,,,
RTPU2546,엔자임 로슈진단 HPV 오프라인 캠페인,,,,,,
RIPU2506,엑시스와이 무신사 뷰티스페이스 팝업스토어,,,,,,
RCPU2551,쿠쿠_현대본점,,,,,,
RCPU2552,쿠쿠_신세계사이먼여주,,,,,,
RXPU2409,비더블루,2024-08-18,2024-08-18,,,,
RXPU2509,에버랜드 캡슐뽑기 렌탈,2025-05-15,2025-06-22,,,,
RCPU2514,가나디_더현대서울,2025-05-15,2025-05-28,,,,
RCPU2525,IU 생일카페,2025-05-15,2025-05-18,,,,
RTPU2528,베케이코리아 클라뷰 팝업스토어,2025-05-15,2025-05-15,,,,
RXPU2513,2025 크리스마스 VM,2025-11-12,,,,,
RCPU2562,NCT DREAM_카시나 한남,2025-11-12,2025-11-15,,,,
RTPU2572,해치 인천공항 팝업,2025-10-01,2025-11-30,,,,
RIPU2515,어노브 성수 F&B 프로모션,2025-10-01,2025-11-09,,,,
RRPM2507,스테이지 엑스 성수 17(@LCDC),2025-10-01,2026-09-30,,,,
RCPU2320,파미어스몰판교 캐치티니핑 팝업(2023),2023-12-01,2023-12-25,,,,
RCPU2640,레봄카페_살롱드르봉,2026-07-11,2026-08-16,,,,
RTPU2429,SPK 비즈니스 상담회,2024-08-19,2024-08-19,,,,
RTPU2520,엔자임 밴티브 세계 콩팥의 날,2025-03-12,2025-03-12,,,,
RTPU2529,오리온 해외전시 디자인,2025-03-12,2025-03-27,,,,
RTPU2575,스틸카인드 저속노화 페스타,2025-11-21,2025-11-30,,,,
RTPU2588,마녀공장 게릴라 샘플링,2025-11-21,2025-11-28,,,,
RTPU2603,덴티스테 OY 팝업스토어,2026-01-03,2026-01-11,,,,
RCPU2411,삐뚤이 팝업스토어 현대 신촌,2024-05-31,2024-06-09,,,,
RTPU2408,퓨어피크 팝업스토어,2024-05-31,2024-06-09,,,,
RCPU2409,디즈니픽사 인사이드아웃2 팝업스토어,2024-05-24,2024-06-16,atpb_40c79f98f6,디즈니,앞토큰,
RCPU2541,스토커즈,2025-10-16,2025-10-22,,,,
RTPU2512,페슬 니아르 팝업,2025-04-01,2025-04-01,,,,
RTPU2510,동아제약 박카스 팝업스토어,2025-04-01,2025-04-30,,,,
RCPU2502,보노보노(더현서),2025-01-02,2025-01-15,,,,
RXPU2412,보노보노 에피소드2 팝업스토어,2025-01-02,2025-01-15,,,,
ROPU2604,캘러웨이 Team-1 발대식,2026-02-10,2026-03-02,,,,
SCSN2421,에버랜드 매장,2024-02-01,2024-04-30,,,,
RCPU2402,수키도키 쥐구멍상점,2024-02-01,2024-02-14,,,,
RCPU2569,IBK 기업은행 팝업스토어,2025-12-15,2025-12-19,,,,
RTPU2590,SK인텔릭스 워커힐 스위트홈,2025-12-15,2025-12-30,,,,
RXST2507,shop Atpisode 삼성전자 평택,2026-04-27,,,,,
RXST2607,shop Atpisode 삼성전자 평택,2026-04-27,,,,,
RTPU2409,컴퍼니지 홍보부스,2024-06-03,2024-06-03,,,,
